中国人民大学,人大,人大商学院,,,,,,,,,,,,,
北京大学,北大,北大光华,北京大学光华管理学院,,,,,,,,,,,,
上海交通大学高级金融学院（北京）,上交高金,,,,,,,,,,,,,,
北大康奈尔,北康,,,,,,,,,,,,,,
清华大学经管学院,清华,清华经管,,,,,,,,,,,,,
清华大学五道口金融学院,清华五道口,五道口金融,清华康奈尔,清康,清康金融,,,,,,,,,,
北京航空航天大学,北航,,,,,,,,,,,,,,
北京师范大学,北师大,北师,,,,,,,,,,,,,
北京理工大学,北理,,,,,,,,,,,,,,
中国农业大学,北农,,,,,,,,,,,,,,
中央财经大学,央财,财大,,,,,,,,,,,,,
中国科学院大学,国科大,中科院,中科大,,,,,,,,,,,,
北京工业大学,北工,北工大,,,,,,,,,,,,,
对外经济贸易大学,对外经贸,外经贸,贸大,,,,,,,,,,,,
北京科技大学,北科,北科大,,,,,,,,,,,,,
北京邮电大学,北邮,,,,,,,,,,,,,,
北京交通大学,北交,北交大,,,,,,,,,,,,,
中国传媒大学,中传,,,,,,,,,,,,,,
中央民族大学,央民,,,,,,,,,,,,,,
中国石油大学,中石油,,,,,,,,,,,,,,
中国政法大学,中政,法大,中法大,,,,,,,,,,,,
北京外国语大学,北外,,,,,,,,,,,,,,
北京信息科技大学,北信科,,,,,,,,,,,,,,
中国社会科学大学,中国社科大,社科大,,,,,,,,,,,,,
北京第二外国语学院,北二外,,,,,,,,,,,,,,
首都经济贸易大学,首经贸,贸大,,,,,,,,,,,,,
厦门大学,厦大,,,,,,,,,,,,,,
南京大学,南大,,,,,,,,,,,,,,
复旦大学,复旦,,,,,,,,,,,,,,
天津大学,天大,,,,,,,,,,,,,,
浙江大学,浙大,,,,,,,,,,,,,,
西安交通大学,西交,,,,,,,,,,,,,,
东南大学,东南,,,,,,,,,,,,,,
上海交通大学,上交,,,,,,,,,,,,,,
山东大学,山大,,,,,,,,,,,,,,
吉林大学,吉大,,,,,,,,,,,,,,
电子科技大学,电子科大,成电,,,,,,,,,,,,,
四川大学,川大,,,,,,,,,,,,,,
华南理工大学,华南理工,,,,,,,,,,,,,,
兰州大学,兰大,,,,,,,,,,,,,,
西北工业大学,西工大,西北工大,,,,,,,,,,,,,
同济大学,同济,,,,,,,,,,,,,,
哈尔滨工业大学,哈工大,,,,,,,,,,,,,,
南开大学,南开,,,,,,,,,,,,,,
华中科技大学,华中科技大,华科,,,,,,,,,,,,,
武汉大学,武大,,,,,,,,,,,,,,
中国海洋大学,中海洋,,,,,,,,,,,,,,
湖南大学,湖大,,,,,,,,,,,,,,
重庆大学,重大,,,,,,,,,,,,,,
大连理工大学,大连理工,,,,,,,,,,,,,,
中山大学,中山,,,,,,,,,,,,,,
东北大学,东大,,,,,,,,,,,,,,
中南大学,中南,,,,,,,,,,,,,,
国防科技大学,国防科技大,国防科大,,,,,,,,,,,,,
西北农林科技大学,西农,,,,,,,,,,,,,,
华东师范大学,华师大,,,,,,,,,,,,,,
郑州大学,郑大,,,,,,,,,,,,,,
云南大学,云大,,,,,,,,,,,,,,
新疆大学,新大,,,,,,,,,,,,,,
上海财经大学,上财,,,,,,,,,,,,,,
上海外国语大学,上外,,,,,,,,,,,,,,
西安电子科技大学,西电,,,,,,,,,,,,,,
空军军医大学,四医大,,,,,,,,,,,,,,
南京航空航天大学,南航,,,,,,,,,,,,,,
南京理工大学,南理,,,,,,,,,,,,,,
上海大学,上大,,,,,,,,,,,,,,
西南财经大学,西南财大,,,,,,,,,,,,,,
华东理工大学,华东理工,,,,,,,,,,,,,,
海军军医大学,二军大,,,,,,,,,,,,,,
中南财经政法大学,中南大,,,,,,,,,,,,,,
河海大学,河海,,,,,,,,,,,,,,
天津医科大学,天医大,天医,,,,,,,,,,,,,
苏州大学,苏大,,,,,,,,,,,,,,
东华大学,东华,,,,,,,,,,,,,,
西南交通大学,西南交大,,,,,,,,,,,,,,
华中师范大学,华中师大,,,,,,,,,,,,,,
暨南大学,暨大,,,,,,,,,,,,,,
华北电力大学,华电,,,,,,,,,,,,,,
南京师范大学,南师大,,,,,,,,,,,,,,
哈尔滨工程大学,哈工程,,,,,,,,,,,,,,
武汉理工大学,武汉理工,,,,,,,,,,,,,,
陕西师范大学,陕西师大,陕师大,,,,,,,,,,,,,
华南师范大学,华南师大,,,,,,,,,,,,,,
合肥工业大学,合工大,,,,,,,,,,,,,,
西南大学,西大,西南大,,,,,,,,,,,,,
江南大学,江大,,,,,,,,,,,,,,
东北师范大学,东北师大,东师,,,,,,,,,,,,,
安徽大学,安大,,,,,,,,,,,,,,
西北大学,西大,西北大,,,,,,,,,,,,,
福州大学,福大,,,,,,,,,,,,,,
河北工业大学,河北工大,,,,,,,,,,,,,,
北京林业大学,北林,,,,,,,,,,,,,,
湖南师范大学,湖南师大,,,,,,,,,,,,,,
中国药科大学,中国药大,,,,,,,,,,,,,,
北京中医药大学,北中医,,,,,,,,,,,,,,
中国地质大学（武汉）,地大,,,,,,,,,,,,,,
南京农业大学,南农,,,,,,,,,,,,,,
中国矿业大学（北京）,矿大,,,,,,,,,,,,,,
长安大学,长大,,,,,,,,,,,,,,
中国矿业大学,矿大,,,,,,,,,,,,,,
中国石油大学（北京）,中石大,,,,,,,,,,,,,,
中国石油大学（华东）,中石大,,,,,,,,,,,,,,
海南大学,海大,,,,,,,,,,,,,,
大连海事大学,大连海大,,,,,,,,,,,,,,
南昌大学,南大,,,,,,,,,,,,,,
华中农业大学,华中农大,华农,,,,,,,,,,,,,
中国地质大学（北京）,地大,,,,,,,,,,,,,,
辽宁大学,辽大,,,,,,,,,,,,,,
太原理工大学,太原理工,,,,,,,,,,,,,,
贵州大学,贵大,,,,,,,,,,,,,,
北京体育大学,北体大,,,,,,,,,,,,,,
延边大学,延大,,,,,,,,,,,,,,
广西大学,西大,,,,,,,,,,,,,,
东北林业大学,东北林大,,,,,,,,,,,,,,
四川农业大学,四川农大,川农大,,,,,,,,,,,,,
内蒙古大学,内大,,,,,,,,,,,,,,
东北农业大学,东北农大,,,,,,,,,,,,,,
宁夏大学,宁大,,,,,,,,,,,,,,
青海大学,青大,,,,,,,,,,,,,,
石河子大学,石大,,,,,,,,,,,,,,
西藏大学,藏大,,,,,,,,,,,,,,
非全日制,非全,在职,定向,,,,,,,,,,,,
全日制,非定向,脱产,,,,,,,,,,,,,
专硕,专业型硕士，拥有专业学位，以职业培养为导向,,,,,,,,,,,,,,
学硕,以学术研究为导向，偏重理论和研究,,,,,,,,,,,,,,
MBA,工商管理硕士,工商管理研究生,,,,,,,,,,,,,
EMBA,,,,,,,,,,,,,,,
MEM,工程管理硕士,,,,,,,,,,,,,,
MPA,公共管理硕士,,,,,,,,,,,,,,
初复试占比,初试及复试成绩所占总成绩百分比,,,,,,,,,,,,,,
择校,选校,定校,合适的院校,,,,,,,,,,,,
报录比,报录比= 报考人数/录取人数,,,,,,,,,,,,,,
复试被刷,复试筛选人,复试不通过,复试不被录取,,,,,,,,,,,,
提面,提前面试,面试,提前批,提前面,提前复试,预面试,夏令营,,,,,,,,
过提面,通过提前面试,面试通过,,,,,,,,,,,,,
批次,提前面试批次,提前批申请批次,,,,,,,,,,,,,
提面流程,面试内容,面试考什么,面试内容,考察内容,,,,,,,,,,,
背景,学历及工作履历,,,,,,,,,,,,,,
面试过了,拿到面试最优档,面试获得通过,,,,,,,,,,,,,
适合什么人,适合什么背景,对考生背景要求什么样,,,,,,,,,,,,,
拿不到资格,拿不到面试资格、拿不到提面资格,,,,,,,,,,,,,,
有没有机会面试,能否进入提前面试,能否进入预面试,能否拿到提前批面试资格,,,,,,,,,,,,
材料被刷,院校背景材料不通过,不能进入面试,,,,,,,,,,,,,
初试,笔试,管综考试,管理类联考,,,,,,,,,,,,
抽题,随机抽题目,,,,,,,,,,,,,,
压力面,压力面试,,,,,,,,,,,,,,
报考条件,学历要求,工作年限要求,毕业满几年可以考,,,,,,,,,,,,
国家线,国家分数线,,,,,,,,,,,,,,
提面成绩,提前面试结果,提前面试成绩,,,,,,,,,,,,,
英语水平怎么样,是否通过四六级,是否有其他英语能力认证,,,,,,,,,,,,,
专科,大专生,自考专科,统招专科,专科学历,,,,,,,,,,,
本科,统招本科,自考本科,非统招本科,,,,,,,,,,,,
本三专五硕博二,本科毕业三年,专科毕业五年，硕士博士毕业两年,,,,,,,,,,,,,
双非,双非院校,非985非211院校,,,,,,,,,,,,,
HR,人事,人力资源,人力行政,,,,,,,,,,,,
金融行业,银行,证券公司,资产管理,信托,期货,基金管理,保险,投资顾问
房地产行业,中建,房地产开发,建设,地产集团,碧桂园,融创,保利,绿地,绿城,,,,,,
非盈利组织/政府机构,电网,住建局,审计局,研究所,发展改革委员会,政务服务中心,居委会,财政局,镇党委,农业事业部,人民政府,环境局,公安局,农业事业部,
文化传媒,体育文化,珠宝,文化传播,传媒公司,广告,,,,,,,,,,
创业,自主创业,创始人,联合创始人,老板,股东,合伙人,,,,,,,,,
年薪,收入,工资,薪资,待遇,,,,,,,,,,,
管理岗,主管,经理,有决策权,带团队,高管,中层,总监,负责人,行长,,,,,,
非管理岗,基层,不带团队,运营岗,科员,会计,讲师,工程师,员工,秘书,老师,开发,营销员,分析师,护士,柜员
科创项目,科技创新项目,,,,,,,,,,,,,,
过线,过国家线/过院校复试线,,,,,,,,,,,,,,
组面,小组面试,无领导小组面试,,,,,,,,,,,,,
个面,个人面试,,,,,,,,,,,,,,
小型企业,小规模,100人以下,,,,,,,,,,,,,
中型企业,中规模,从业人员100人以上,营业收入1000万以上,,,,,,,,,,,,
大型企业,国企,央企,外资,世界五百强,中国五百强，从业人员在1000人以上,,,,,,,,,,
国企,国有企业,,,,,,,,,,,,,,
央企,中央企业,中央直属企业,中央管理企业,,,,,,,,,,,,
世界500强,全球最大五百家公司,,,,,,,,,,,,,,
中国500强,中国最大500家公司,,,,,,,,,,,,,,
材料,面试材料,网申资料,背景材料,,,,,,,,,,,,
